impl,np,run,elapsed_s
serial,1,1,21.468693
serial,1,2,21.805611
serial,1,3,21.509403
serial,1,4,21.577988
serial,1,5,21.280784
